Designator,Footprint,Quantity,Value,LCSC Part #
BZ1,Buzzer_12x9.5RM7.6,1,Buzzer,
"C1, C2",1812,2,33pF,
C10,0603,1,0.01uF,
"C11, C12, C17, C41, C5, C50, C52, C6",0603,8,0.1uF,
"C13, C16",0402,2,4.7uF,
C3,0805,1,10nF,
C4,1206,1,1uF,
C51,0603,1,0.22uF,
C7,0603,1,2.7nF,
"C8, C9",1812,2,680pF,
D1,Diode_Bridge_OnSemi_SDIP-4L,1,DF04S,
"D2, D3",0201,2,LED,
"FB1, FB2, FB3, FB4",0805,4,FerriteBead_Small,
J1,RJ12_Amphenol_54601,1,RJ11/12,
J2,USB_Micro-B_Amphenol_10118193-0001LF_Horizontal,1,USB_B_Micro,
J3,PinHeader_2x06_P2.54mm_Vertical,1,Conn_02x06_Odd_Even,
J4,PinHeader_2x02_P2.54mm_Vertical,1,Conn_02x02_Odd_Even,
JP1,PinHeader_1x02_P2.54mm_Vertical,1,Jumper_2_Open,
"Q1, Q3, Q4, Q5",SOT-23,4,Q_NPN_BEC,
Q2,SOT-23,1,Q_PNP_BEC,
Q6,TO-92,1,Q_NPN_EBC,
R1,2010,1,1.07k,
R10,1210,1,536,
R11,2010,1,73.2,
"R12, R13",1206,2,56.2,
"R14, R15, R16, R22, R23, R24",0603,6,10k,
R17,0402,1,1k,
"R18, R19",0402,2,220,
"R2, R41",0603,2,150,
R20,0402,1,22.1k,
R21,0402,1,47.5k,
R3,2010,1,3.65k,
R4,1206,1,2.49k,
"R5, R6",1210,2,100k,
"R7, R8",2512,2,20M,
R9,1206,1,1M,
RV1,D_SMB,1,~,
SW2,SW_Tactile_SPST_NO_Straight_CK_PTS636Sx25SMTRLFS,1,SW_Push,
U1,QFN-38-1EP_5x7mm_P0.5mm_EP3.15x5.15mm,1,Si2494-A-FM,
U2,SOIC-16_3.9x9.9mm_P1.27mm,1,Si3018,
U3,SOIC-8_3.9x4.9mm_P1.27mm,1,25LC640AT-E/SN,
U4,SiliconLabs_QFN-20-1EP_3x3mm_P0.5mm_EP1.8x1.8mm,1,CP2102N-Axx-xQFN20,
X1,Oscillator_SMD_ECS_2520MV-xxx-xx-4Pin_2.5x2.0mm,1,ECS-2520MV-xxx-xx,
Z1,D_SOD-123,1,D_Zener,
