Designator,Footprint,Quantity,Value,LCSC Part #
"C1, C2",C_1808,2,33pF,
C10,0603,1,0.01uF,
"C101, C103",0402,2,4.7uF,
"C102, C104, C201, C202, C204, C5, C6",0603,7,0.1uF,
C203,0603,1,0.22uF,
C3,0805,1,10nF,
C4,CP_Elec_4x3,1,1uF,
C7,0603,1,2.7nF,
"C8, C9",C_1808,2,680pF,
D1,Diodes_Inc_4-SMD,1,HDS10M,
"D2, D3, D4, D5, D6, D7",0805,6,LED,
"FB1, FB2",0805,2,FerriteBead_Small,
J1,RJ12_Amphenol_54601,1,RJ11/12,
J2,PinHeader_2x02_P2.54mm_Vertical,1,Conn_02x02_Odd_Even,
J3,USB_Micro-B_Amphenol_10118193-0001LF_Horizontal,1,USB_B_Micro,
J4,PinSocket_2x08_P2.54mm_Vertical,1,Conn_02x08_Odd_Even,
"J5, J6",PinSocket_1x02_P2.54mm_Vertical,2,Conn_01x02,
"Q1, Q3, Q4, Q5",SOT-23-3,4,Q_NPN_BEC,
Q2,SOT-23-3,1,Q_PNP_BEC,
R1,2010,1,1.07k,
R10,1210,1,536,
R101,0402,1,1k,
R102,0402,1,22.1k,
R103,0402,1,47.5k,
"R104, R105, R106, R107, R108, R109",0603,6,220,
R11,2010,1,73.2,
"R12, R13",1206,2,56.2,
"R15, R16",0603,2,0,
R2,0603,1,150,
"R201, R202, R203, R204, R205, R206",0603,6,10k,
R3,2010,1,3.65k,
R4,2010,1,2.49k,
"R5, R6",0603,2,100k,
"R7, R8",0805,2,20M,
R9,0603,1,1M,
RV1,D_SMB,1,~,
SW1,SW_Tactile_SPST_NO_Straight_CK_PTS636Sx25SMTRLFS,1,SW_Push,
U1,QFN-38-1EP_5x7mm_P0.5mm_EP3.15x5.15mm,1,Si2494-A-FM,
U2,SOIC-16_3.9x9.9mm_P1.27mm,1,Si3018,
U3,SiliconLabs_QFN-20-1EP_3x3mm_P0.5mm_EP1.8x1.8mm,1,CP2102N-Axx-xQFN20,
U4,SOIC-8_3.9x4.9mm_P1.27mm,1,25LC640AT-E/SN,
U5,SOT-223-3_TabPin2,1,AZ1117-3.3,
U6,SOIC-20W_7.5x12.8mm_P1.27mm,1,74LCX541,
U7,SOT-23-3,1,DS1818,
X1,Oscillator_SMD_ECS_2520MV-xxx-xx-4Pin_2.5x2.0mm,1,ECS-2520MV-xxx-xx,
Z1,D_SOD-123,1,D_Zener,
